[
  {
    "id": 1,
    "name": "Light Blue",
    "brand": "Dolce & Gabbana",
    "category": "perfume",
    "image": "https://images.unsplash.com/photo-1585155770447-2f66e2a397b5?ixlib=rb-4.0.3&ixid=M3wxMjA3fDB8MHxwaG90by1wYWdlfHx8fGVufDB8fHx8fA%3D%3D&auto=format&fit=crop&w=500&q=80",
    "description": "Свежий и яркий аромат, передающий суть средиземноморского побережья с цитрусовыми и водными нотами.",
    "price": 89
  },
  {
    "id": 2,
    "name": "Chanel No. 5",
    "brand": "Chanel",
    "category": "perfume",
    "image": "https://images.unsplash.com/photo-1591353842971-9ac335aabfab?ixlib=rb-4.0.3&ixid=M3wxMjA3fDB8MHxwaG90by1wYWdlfHx8fGVufDB8fHx8fA%3D%3D&auto=format&fit=crop&w=500&q=80",
    "description": "Легендарный аромат, покорявший женщин на протяжении нескольких поколений своим timeless букетом и альдегидами.",
    "price": 145
  },
  {
    "id": 3,
    "name": "J'adore",
    "brand": "Dior",
    "category": "perfume",
    "image": "https://images.unsplash.com/photo-1604186264148-9e761d719580?ixlib=rb-4.0.3&ixid=M3wxMjA3fDB8MHxwaG90by1wYWdlfHx8fGVufDB8fHx8fA%3D%3D&auto=format&fit=crop&w=500&q=80",
    "description": "Флоральный симфонический аромат, прославляющий женственность с букетом из иланг-иланга, дамасской розы и жасмина.",
    "price": 132
  },
  {
    "id": 4,
    "name": "Opium",
    "brand": "Yves Saint Laurent",
    "category": "perfume",
    "image": "https://images.unsplash.com/photo-1590779893707-c7d770007fe4?ixlib=rb-4.0.3&ixid=M3wxMjA3fDB8MHxwaG90by1wYWdlfHx8fGVufDB8fHx8fA%3D%3D&auto=format&fit=crop&w=500&q=80",
    "description": "Опьяняющий восточный аромат с теплыми специями, янтарем и драгоценными породами дерева, создающий незабываемый шлейф.",
    "price": 118
  },
  {
    "id": 5,
    "name": "Flowerbomb",
    "brand": "Viktor & Rolf",
    "category": "perfume",
    "image": "https://images.unsplash.com/photo-1585155770447-2f66e2a397b5?ixlib=rb-4.0.3&ixid=M3wxMjA3fDB8MHxwaG90by1wYWdlfHx8fGVufDB8fHx8fA%3D%3D&auto=format&fit=crop&w=500&q=80",
    "description": "Взрывной флоральный букет, сочетающий жасмин, розу и орхидею с теплой ванильной базой.",
    "price": 156
  },
  {
    "id": 6,
    "name": "Black Opium",
    "brand": "Yves Saint Laurent",
    "category": "perfume",
    "image": "https://images.unsplash.com/photo-1591353842971-9ac335aabfab?ixlib=rb-4.0.3&ixid=M3wxMjA3fDB8MHxwaG90by1wYWdlfHx8fGVufDB8fHx8fA%3D%3D&auto=format&fit=crop&w=500&q=80",
    "description": "Наркотический кофейный гурманский аромат с розовым перцем, цветами апельсина и белым мхом.",
    "price": 124
  },
  {
    "id": 7,
    "name": "La Vie Est Belle",
    "brand": "Lancôme",
    "category": "perfume",
    "image": "https://images.unsplash.com/photo-1604186264148-9e761d719580?ixlib=rb-4.0.3&ixid=M3wxMjA3fDB8MHxwaG90by1wYWdlfHx8fGVufDB8fHx8fA%3D%3D&auto=format&fit=crop&w=500&q=80",
    "description": "Радостный гурманский аромат с ирисом, пачули и пралине, прославляющий красоту жизни.",
    "price": 138
  },
  {
    "id": 8,
    "name": "Miss Dior",
    "brand": "Dior",
    "category": "perfume",
    "image": "https://images.unsplash.com/photo-1585155770447-2f66e2a397b5?ixlib=rb-4.0.3&ixid=M3wxMjA3fDB8MHxwaG90by1wYWdlfHx8fGVufDB8fHx8fA%3D%3D&auto=format&fit=crop&w=500&q=80",
    "description": "Свежий и цветочный аромат с дамасской розой, пионом и белым мхом, олицетворяющий женственность.",
    "price": 127
  },
  {
    "id": 9,
    "name": "Coco Mademoiselle",
    "brand": "Chanel",
    "category": "perfume",
    "image": "https://images.unsplash.com/photo-1590779893707-c7d770007fe4?ixlib=rb-4.0.3&ixid=M3wxMjA3fDB8MHxwaG90by1wYWdlfHx8fGVufDB8fHx8fA%3D%3D&auto=format&fit=crop&w=500&q=80",
    "description": "Яркий и искрящийся аромат с апельсином, розой и пачули, передающий дух свободной женщины.",
    "price": 142
  },
  {
    "id": 10,
    "name": "Angel",
    "brand": "Thierry Mugler",
    "category": "perfume",
    "image": "https://images.unsplash.com/photo-1604186264148-9e761d719580?ixlib=rb-4.0.3&ixid=M3wxMjA3fDB8MHxwaG90by1wYWdlfHx8fGVufDB8fHx8fA%3D%3D&auto=format&fit=crop&w=500&q=80",
    "description": "Гурманский аромат с фундуком, кофе и пачули, создающий наркотический и небесный аромат.",
    "price": 165
  },
  {
    "id": 11,
    "name": "Good Girl",
    "brand": "Carolina Herrera",
    "category": "perfume",
    "image": "https://images.unsplash.com/photo-1585155770447-2f66e2a397b5?ixlib=rb-4.0.3&ixid=M3wxMjA3fDB8MHxwaG90by1wYWdlfHx8fGVufDB8fHx8fA%3D%3D&auto=format&fit=crop&w=500&q=80",
    "description": "Соблазнительный аромат с миндалем, кофе и трубной розой, олицетворяющий двойственность женственности.",
    "price": 129
  },
  {
    "id": 12,
    "name": "Mon Paris",
    "brand": "Yves Saint Laurent",
    "category": "perfume",
    "image": "https://images.unsplash.com/photo-1591353842971-9ac335aabfab?ixlib=rb-4.0.3&ixid=M3wxMjA3fDB8MHxwaG90by1wYWdlfHx8fGVufDB8fHx8fA%3D%3D&auto=format&fit=crop&w=500&q=80",
    "description": "Фруктово-цветочный аромат со клубникой, цветами апельсина и белым мхом, вдохновленный парижским романом.",
    "price": 115
  },
  {
    "id": 13,
    "name": "Si",
    "brand": "Giorgio Armani",
    "category": "perfume",
    "image": "https://images.unsplash.com/photo-1604186264148-9e761d719580?ixlib=rb-4.0.3&ixid=M3wxMjA3fDB8MHxwaG90by1wYWdlfHx8fGVufDB8fHx8fA%3D%3D&auto=format&fit=crop&w=500&q=80",
    "description": "Элегантный шипровый аромат с черной смородиной, розой и ванилью, прославляющий современную женственность.",
    "price": 134
  },
  {
    "id": 14,
    "name": "Olympea",
    "brand": "Paco Rabanne",
    "category": "perfume",
    "image": "https://images.unsplash.com/photo-1585155770447-2f66e2a397b5?ixlib=rb-4.0.3&ixid=M3wxMjA3fDB8MHxwaG90by1wYWdlfHx8fGVufDB8fHx8fA%3D%3D&auto=format&fit=crop&w=500&q=80",
    "description": "Водно-цветочный аромат с водным жасмином, соленой ванилью и драгоценными породами дерева.",
    "price": 98
  },
  {
    "id": 15,
    "name": "Lancôme La Nuit Tresor",
    "brand": "Lancôme",
    "category": "perfume",
    "image": "https://images.unsplash.com/photo-1590779893707-c7d770007fe4?ixlib=rb-4.0.3&ixid=M3wxMjA3fDB8MHxwaG90by1wYWdlfHx8fGVufDB8fHx8fA%3D%3D&auto=format&fit=crop&w=500&q=80",
    "description": "Драгоценный и загадочный аромат с ежевикой, турецкой розой и белым мхом.",
    "price": 141
  },
  {
    "id": 16,
    "name": "Daisy",
    "brand": "Marc Jacobs",
    "category": "perfume",
    "image": "https://images.unsplash.com/photo-1604186264148-9e761d719580?ixlib=rb-4.0.3&ixid=M3wxMjA3fDB8MHxwaG90by1wYWdlfHx8fGVufDB8fHx8fA%3D%3D&auto=format&fit=crop&w=500&q=80",
    "description": "Свежий и женственный аромат с листьями фиалки, жасмином и мхом, передающий юный дух.",
    "price": 76
  },
  {
    "id": 17,
    "name": "Valentino Donna",
    "brand": "Valentino",
    "category": "perfume",
    "image": "https://images.unsplash.com/photo-1585155770447-2f66e2a397b5?ixlib=rb-4.0.3&ixid=M3wxMjA3fDB8MHxwaG90by1wYWdlfHx8fGVufDB8fHx8fA%3D%3D&auto=format&fit=crop&w=500&q=80",
    "description": "Элегантный цветочный аромат с бергамотом, розой и ванилью, прославляющий женскую силу.",
    "price": 109
  },
  {
    "id": 18,
    "name": "Wonderstruck",
    "brand": "Taylor Swift",
    "category": "perfume",
    "image": "https://images.unsplash.com/photo-1591353842971-9ac335aabfab?ixlib=rb-4.0.3&ixid=M3wxMjA3fDB8MHxwaG90by1wYWdlfHx8fGVufDB8fHx8fA%3D%3D&auto=format&fit=crop&w=500&q=80",
    "description": "Причудливый и волшебный аромат с розовым грейпфрутом, фрезией и хлопковым мхом.",
    "price": 68
  },
  {
    "id": 19,
    "name": "Rebelle",
    "brand": "Zadig & Voltaire",
    "category": "perfume",
    "image": "https://images.unsplash.com/photo-1604186264148-9e761d719580?ixlib=rb-4.0.3&ixid=M3wxMjA3fDB8MHxwaG90by1wYWdlfHx8fGVufDB8fHx8fA%3D%3D&auto=format&fit=crop&w=500&q=80",
    "description": "Смелый и бунтарский аромат с бергамотом, розовым перцем и сандаловым деревом.",
    "price": 85
  },
  {
    "id": 20,
    "name": "Fahrenheit",
    "brand": "Dior",
    "category": "perfume",
    "image": "https://images.unsplash.com/photo-1585155770447-2f66e2a397b5?ixlib=rb-4.0.3&ixid=M3wxMjA3fDB8MHxwaG90by1wYWdlfHx8fGVufDB8fHx8fA%3D%3D&auto=format&fit=crop&w=500&q=80",
    "description": "Легендарный мужской аромат с кожей, фиалкой и мускатным орехом, нарушающий традиции.",
    "price": 112
  },
  {
    "id": 21,
    "name": "Acqua Di Gio",
    "brand": "Giorgio Armani",
    "category": "perfume",
    "image": "https://images.unsplash.com/photo-1590779893707-c7d770007fe4?ixlib=rb-4.0.3&ixid=M3wxMjA3fDB8MHxwaG90by1wYWdlfHx8fGVufDB8fHx8fA%3D%3D&auto=format&fit=crop&w=500&q=80",
    "description": "Вечный водный аромат с бергамотом, жасмином и кедром, передающий суть моря.",
    "price": 98
  },
  {
    "id": 22,
    "name": "CK One",
    "brand": "Calvin Klein",
    "category": "perfume",
    "image": "https://images.unsplash.com/photo-1604186264148-9e761d719580?ixlib=rb-4.0.3&ixid=M3wxMjA3fDB8MHxwaG90by1wYWdlfHx8fGVufDB8fHx8fA%3D%3D&auto=format&fit=crop&w=500&q=80",
    "description": "Унисекс цитрусовый аромат с кардамоном, фиалкой и мхом, нарушающий гендерные границы.",
    "price": 72
  },
  {
    "id": 23,
    "name": "Light Blue Pour Homme",
    "brand": "Dolce & Gabbana",
    "category": "perfume",
    "image": "https://images.unsplash.com/photo-1585155770447-2f66e2a397b5?ixlib=rb-4.0.3&ixid=M3wxMjA3fDB8MHxwaG90by1wYWdlfHx8fGVufDB8fHx8fA%3D%3D&auto=format&fit=crop&w=500&q=80",
    "description": "Свежий средиземноморский аромат с лимоном Сицилии, можжевельником и кедровым деревом.",
    "price": 87
  },
  {
    "id": 24,
    "name": "Sauvage",
    "brand": "Dior",
    "category": "perfume",
    "image": "https://images.unsplash.com/photo-1591353842971-9ac335aabfab?ixlib=rb-4.0.3&ixid=M3wxMjA3fDB8MHxwaG90by1wYWdlfHx8fGVufDB8fHx8fA%3D%3D&auto=format&fit=crop&w=500&q=80",
    "description": "Смелый и дикий аромат с бергамотом из Калабрии, амброксаном и специями из далеких стран.",
    "price": 126
  },
  {
    "id": 25,
    "name": "Eros",
    "brand": "Versace",
    "category": "perfume",
    "image": "https://images.unsplash.com/photo-1604186264148-9e761d719580?ixlib=rb-4.0.3&ixid=M3wxMjA3fDB8MHxwaG90by1wYWdlfHx8fGVufDB8fHx8fA%3D%3D&auto=format&fit=crop&w=500&q=80",
    "description": "Мощный и магнитный аромат с мятой, яблоком и ванилью, олицетворяющий мужскую энергию.",
    "price": 94
  },
  {
    "id": 26,
    "name": "Blue De Chanel",
    "brand": "Chanel",
    "category": "perfume",
    "image": "https://images.unsplash.com/photo-1585155770447-2f66e2a397b5?ixlib=rb-4.0.3&ixid=M3wxMjA3fDB8MHxwaG90by1wYWdlfHx8fGVufDB8fHx8fA%3D%3D&auto=format&fit=crop&w=500&q=80",
    "description": "Изысканный мужской аромат с цитрусами, нероли и сандаловым деревом, олицетворяющий элегантность.",
    "price": 139
  },
  {
    "id": 27,
    "name": "Stronger With You",
    "brand": "Giorgio Armani",
    "category": "perfume",
    "image": "https://images.unsplash.com/photo-1590779893707-c7d770007fe4?ixlib=rb-4.0.3&ixid=M3wxMjA3fDB8MHxwaG90by1wYWdlfHx8fGVufDB8fHx8fA%3D%3D&auto=format&fit=crop&w=500&q=80",
    "description": "Пряный гурманский аромат с розовым перцем, кардамоном и ванилью.",
    "price": 102
  },
  {
    "id": 28,
    "name": "Invictus",
    "brand": "Paco Rabanne",
    "category": "perfume",
    "image": "https://images.unsplash.com/photo-1604186264148-9e761d719580?ixlib=rb-4.0.3&ixid=M3wxMjA3fDB8MHxwaG90by1wYWdlfHx8fGVufDB8fHx8fA%3D%3D&auto=format&fit=crop&w=500&q=80",
    "description": "Свежий и морской аромат с грейпфрутом, лавровым листом и амброй, вдохновленный победой.",
    "price": 88
  },
  {
    "id": 29,
    "name": "One Million",
    "brand": "Paco Rabanne",
    "category": "perfume",
    "image": "https://images.unsplash.com/photo-1585155770447-2f66e2a397b5?ixlib=rb-4.0.3&ixid=M3wxMjA3fDB8MHxwaG90by1wYWdlfHx8fGVufDB8fHx8fA%3D%3D&auto=format&fit=crop&w=500&q=80",
    "description": "Смелый и роскошный аромат с мандарином крови, розой и пачули, притягивающий внимание.",
    "price": 96
  },
  {
    "id": 30,
    "name": "The One",
    "brand": "Dolce & Gabbana",
    "category": "perfume",
    "image": "https://images.unsplash.com/photo-1591353842971-9ac335aabfab?ixlib=rb-4.0.3&ixid=M3wxMjA3fDB8MHxwaG90by1wYWdlfHx8fGVufDB8fHx8fA%3D%3D&auto=format&fit=crop&w=500&q=80",
    "description": "Софистицированный мужской аромат с грейпфрутом, кардамоном и янтарем.",
    "price": 105
  },
  {
    "id": 31,
    "name": "Versace Pour Homme",
    "brand": "Versace",
    "category": "perfume",
    "image": "https://images.unsplash.com/photo-1604186264148-9e761d719580?ixlib=rb-4.0.3&ixid=M3wxMjA3fDB8MHxwaG90by1wYWdlfHx8fGVufDB8fHx8fA%3D%3D&auto=format&fit=crop&w=500&q=80",
    "description": "Классический мужской аромат с цитрусами, бергамотом и нотами кедра.",
    "price": 89
  },
  {
    "id": 32,
    "name": "Acqua Di Parma Colonia",
    "brand": "Acqua Di Parma",
    "category": "perfume",
    "image": "https://images.unsplash.com/photo-1585155770447-2f66e2a397b5?ixlib=rb-4.0.3&ixid=M3wxMjA3fDB8MHxwaG90by1wYWdlfHx8fGVufDB8fHx8fA%3D%3D&auto=format&fit=crop&w=500&q=80",
    "description": "Вечная итальянская цитрусовая колония с цитрусами Сицилии, лавандой и розмарином.",
    "price": 185
  },
  {
    "id": 33,
    "name": "Hugo Boss Bottled",
    "brand": "Hugo Boss",
    "category": "perfume",
    "image": "https://images.unsplash.com/photo-1590779893707-c7d770007fe4?ixlib=rb-4.0.3&ixid=M3wxMjA3fDB8MHxwaG90by1wYWdlfHx8fGVufDB8fHx8fA%3D%3D&auto=format&fit=crop&w=500&q=80",
    "description": "Классический мужской аромат с яблоком, корицей и сандаловым деревом.",
    "price": 78
  },
  {
    "id": 34,
    "name": "CK All",
    "brand": "Calvin Klein",
    "category": "perfume",
    "image": "https://images.unsplash.com/photo-1604186264148-9e761d719580?ixlib=rb-4.0.3&ixid=M3wxMjA3fDB8MHxwaG90by1wYWdlfHx8fGVufDB8fHx8fA%3D%3D&auto=format&fit=crop&w=500&q=80",
    "description": "Унисекс ароматический аромат с фиалкой, кардамоном и мхом.",
    "price": 65
  },
  {
    "id": 35,
    "name": "D&G The One for Men",
    "brand": "Dolce & Gabbana",
    "category": "perfume",
    "image": "https://images.unsplash.com/photo-1585155770447-2f66e2a397b5?ixlib=rb-4.0.3&ixid=M3wxMjA3fDB8MHxwaG90by1wYWdlfHx8fGVufDB8fHx8fA%3D%3D&auto=format&fit=crop&w=500&q=80",
    "description": "Теплый и пряный мужской аромат с грейпфрутом, кардамоном и табаком.",
    "price": 110
  },
  {
    "id": 36,
    "name": "Tom Ford Oud Wood",
    "brand": "Tom Ford",
    "category": "perfume",
    "image": "https://images.unsplash.com/photo-1591353842971-9ac335aabfab?ixlib=rb-4.0.3&ixid=M3wxMjA3fDB8MHxwaG90by1wYWdlfHx8fGVufDB8fHx8fA%3D%3D&auto=format&fit=crop&w=500&q=80",
    "description": "Роскошный древесный аромат с ароматным палисандром, кардамоном и янтарем.",
    "price": 225
  },
  {
    "id": 37,
    "name": "Yves Saint Laurent La Nuit de L'Homme",
    "brand": "Yves Saint Laurent",
    "category": "perfume",
    "image": "https://images.unsplash.com/photo-1604186264148-9e761d719580?ixlib=rb-4.0.3&ixid=M3wxMjA3fDB8MHxwaG90by1wYWdlfHx8fGVufDB8fHx8fA%3D%3D&auto=format&fit=crop&w=500&q=80",
    "description": "Загадочный мужской аромат с кардамоном, кедром и ветивером.",
    "price": 118
  },
  {
    "id": 38,
    "name": "Acqua Di Gio Profumo",
    "brand": "Giorgio Armani",
    "category": "perfume",
    "image": "https://images.unsplash.com/photo-1585155770447-2f66e2a397b5?ixlib=rb-4.0.3&ixid=M3wxMjA3fDB8MHxwaG90by1wYWdlfHx8fGVufDB8fHx8fA%3D%3D&auto=format&fit=crop&w=500&q=80",
    "description": "Более глубокая и интенсивная версия классического Acqua Di Gio с пачули и ладаном.",
    "price": 142
  },
  {
    "id": 39,
    "name": "Versace Eros Pour Femme",
    "brand": "Versace",
    "category": "perfume",
    "image": "https://images.unsplash.com/photo-1590779893707-c7d770007fe4?ixlib=rb-4.0.3&ixid=M3wxMjA3fDB8MHxwaG90by1wYWdlfHx8fGVufDB8fHx8fA%3D%3D&auto=format&fit=crop&w=500&q=80",
    "description": "Соблазнительный женский аромат с мятой, зеленым яблоком и блонд древесиной.",
    "price": 97
  },
  {
    "id": 40,
    "name": "Dolce & Gabbana Pour Femme",
    "brand": "Dolce & Gabbana",
    "category": "perfume",
    "image": "https://images.unsplash.com/photo-1604186264148-9e761d719580?ixlib=rb-4.0.3&ixid=M3wxMjA3fDB8MHxwaG90by1wYWdlfHx8fGVufDB8fHx8fA%3D%3D&auto=format&fit=crop&w=500&q=80",
    "description": "Цветочный женский аромат с мандарином, жасмином и янтарем.",
    "price": 103
  },
  {
    "id": 41,
    "name": "Chanel Coco Noir",
    "brand": "Chanel",
    "category": "perfume",
    "image": "https://images.unsplash.com/photo-1585155770447-2f66e2a397b5?ixlib=rb-4.0.3&ixid=M3wxMjA3fDB8MHxwaG90by1wYWdlfHx8fGVufDB8fHx8fA%3D%3D&auto=format&fit=crop&w=500&q=80",
    "description": "Загадочный восточный аромат с грейпфрутом, розой и пачули.",
    "price": 168
  },
  {
    "id": 42,
    "name": "Dior Addict",
    "brand": "Dior",
    "category": "perfume",
    "image": "https://images.unsplash.com/photo-1591353842971-9ac335aabfab?ixlib=rb-4.0.3&ixid=M3wxMjA3fDB8MHxwaG90by1wYWdlfHx8fGVufDB8fHx8fA%3D%3D&auto=format&fit=crop&w=500&q=80",
    "description": "Свежий и наркотический аромат с бергамотом, розой и ванилью.",
    "price": 124
  },
  {
    "id": 43,
    "name": "Gucci Guilty",
    "brand": "Gucci",
    "category": "perfume",
    "image": "https://images.unsplash.com/photo-1604186264148-9e761d719580?ixlib=rb-4.0.3&ixid=M3wxMjA3fDB8MHxwaG90by1wYWdlfHx8fGVufDB8fHx8fA%3D%3D&auto=format&fit=crop&w=500&q=80",
    "description": "Соблазнительный аромат с розовым перцем, жасмином и пачули.",
    "price": 116
  },
  {
    "id": 44,
    "name": "Prada Candy",
    "brand": "Prada",
    "category": "perfume",
    "image": "https://images.unsplash.com/photo-1585155770447-2f66e2a397b5?ixlib=rb-4.0.3&ixid=M3wxMjA3fDB8MHxwaG90by1wYWdlfHx8fGVufDB8fHx8fA%3D%3D&auto=format&fit=crop&w=500&q=80",
    "description": "Гурманский аромат с карамелью, мхом и бензойном.",
    "price": 132
  },
  {
    "id": 45,
    "name": "Tom Ford Black Orchid",
    "brand": "Tom Ford",
    "category": "perfume",
    "image": "https://images.unsplash.com/photo-1590779893707-c7d770007fe4?ixlib=rb-4.0.3&ixid=M3wxMjA3fDB8MHxwaG90by1wYWdlfHx8fGVufDB8fHx8fA%3D%3D&auto=format&fit=crop&w=500&q=80",
    "description": "Экзотический и загадочный аромат с черным трюфелем, орхидеей и пачули.",
    "price": 245
  },
  {
    "id": 46,
    "name": "Lancôme Hypnôse",
    "brand": "Lancôme",
    "category": "perfume",
    "image": "https://images.unsplash.com/photo-1604186264148-9e761d719580?ixlib=rb-4.0.3&ixid=M3wxMjA3fDB8MHxwaG90by1wYWdlfHx8fGVufDB8fHx8fA%3D%3D&auto=format&fit=crop&w=500&q=80",
    "description": "Гипнотический цветочный аромат с ирисом, жасмином и ванилью.",
    "price": 128
  },
  {
    "id": 47,
    "name": "Carolina Herrera 212",
    "brand": "Carolina Herrera",
    "category": "perfume",
    "image": "https://images.unsplash.com/photo-1585155770447-2f66e2a397b5?ixlib=rb-4.0.3&ixid=M3wxMjA3fDB8MHxwaG90by1wYWdlfHx8fGVufDB8fHx8fA%3D%3D&auto=format&fit=crop&w=500&q=80",
    "description": "Яркий и энергичный аромат с бергамотом, чаем и кедром.",
    "price": 92
  },
  {
    "id": 48,
    "name": "Giorgio Armani Si Passione",
    "brand": "Giorgio Armani",
    "category": "perfume",
    "image": "https://images.unsplash.com/photo-1591353842971-9ac335aabfab?ixlib=rb-4.0.3&ixid=M3wxMjA3fDB8MHxwaG90by1wYWdlfHx8fGVufDB8fHx8fA%3D%3D&auto=format&fit=crop&w=500&q=80",
    "description": "Страстный цветочный аромат с розой, жасмином и ванилью.",
    "price": 136
  },
  {
    "id": 49,
    "name": "Versace Bright Crystal",
    "brand": "Versace",
    "category": "perfume",
    "image": "https://images.unsplash.com/photo-1604186264148-9e761d719580?ixlib=rb-4.0.3&ixid=M3wxMjA3fDB8MHxwaG90by1wYWdlfHx8fGVufDB8fHx8fA%3D%3D&auto=format&fit=crop&w=500&q=80",
    "description": "Свежий и светящийся аромат с юзу, магнолией и мхом.",
    "price": 89
  },
  {
    "id": 50,
    "name": "Chanel Chance Eau Tendre",
    "brand": "Chanel",
    "category": "perfume",
    "image": "https://images.unsplash.com/photo-1585155770447-2f66e2a397b5?ixlib=rb-4.0.3&ixid=M3wxMjA3fDB8MHxwaG90by1wYWdlfHx8fGVufDB8fHx8fA%3D%3D&auto=format&fit=crop&w=500&q=80",
    "description": "Мягкий и нежный цветочный аромат с грейпфрутом, айвой и мхом.",
    "price": 148
  },
  {
    "id": 51,
    "name": "Dolce & Gabbana Light Blue Pour Femme",
    "brand": "Dolce & Gabbana",
    "category": "perfume",
    "image": "https://images.unsplash.com/photo-1590779893707-c7d770007fe4?ixlib=rb-4.0.3&ixid=M3wxMjA3fDB8MHxwaG90by1wYWdlfHx8fGVufDB8fHx8fA%3D%3D&auto=format&fit=crop&w=500&q=80",
    "description": "Свежий средиземноморский аромат с лимоном Сицилии, бамбуком и кедром.",
    "price": 95
  },
  {
    "id": 52,
    "name": "Yves Saint Laurent Mon Paris",
    "brand": "Yves Saint Laurent",
    "category": "perfume",
    "image": "https://images.unsplash.com/photo-1604186264148-9e761d719580?ixlib=rb-4.0.3&ixid=M3wxMjA3fDB8MHxwaG90by1wYWdlfHx8fGVufDB8fHx8fA%3D%3D&auto=format&fit=crop&w=500&q=80",
    "description": "Фруктово-цветочный аромат со клубникой, цветами апельсина и белым мхом.",
    "price": 122
  },
  {
    "id": 53,
    "name": "Dior Miss Dior Blooming Bouquet",
    "brand": "Dior",
    "category": "perfume",
    "image": "https://images.unsplash.com/photo-1585155770447-2f66e2a397b5?ixlib=rb-4.0.3&ixid=M3wxMjA3fDB8MHxwaG90by1wYWdlfHx8fGVufDB8fHx8fA%3D%3D&auto=format&fit=crop&w=500&q=80",
    "description": "Свежий и цветочный аромат с пионом, дамасской розой и белым мхом.",
    "price": 115
  },
  {
    "id": 54,
    "name": "Gucci Bloom",
    "brand": "Gucci",
    "category": "perfume",
    "image": "https://images.unsplash.com/photo-1591353842971-9ac335aabfab?ixlib=rb-4.0.3&ixid=M3wxMjA3fDB8MHxwaG90by1wYWdlfHx8fGVufDB8fHx8fA%3D%3D&auto=format&fit=crop&w=500&q=80",
    "description": "Богатый и насыщенный цветочный аромат с натуральным туберозой, жасмином и рангунским ползучком.",
    "price": 142
  },
  {
    "id": 55,
    "name": "Tom Ford Tobacco Vanille",
    "brand": "Tom Ford",
    "category": "perfume",
    "image": "https://images.unsplash.com/photo-1604186264148-9e761d719580?ixlib=rb-4.0.3&ixid=M3wxMjA3fDB8MHxwaG90by1wYWdlfHx8fGVufDB8fHx8fA%3D%3D&auto=format&fit=crop&w=500&q=80",
    "description": "Теплый и наркотический аромат с табаком, ванилью и какао.",
    "price": 235
  },
  {
    "id": 56,
    "name": "Lancôme La Vie Est Belle L'Eau De Parfum",
    "brand": "Lancôme",
    "category": "perfume",
    "image": "https://images.unsplash.com/photo-1585155770447-2f66e2a397b5?ixlib=rb-4.0.3&ixid=M3wxMjA3fDB8MHxwaG90by1wYWdlfHx8fGVufDB8fHx8fA%3D%3D&auto=format&fit=crop&w=500&q=80",
    "description": "Светящийся цветочный аромат с ирисом, пачули и пралине.",
    "price": 139
  },
  {
    "id": 57,
    "name": "Chanel Coco Mademoiselle Eau De Parfum",
    "brand": "Chanel",
    "category": "perfume",
    "image": "https://images.unsplash.com/photo-1590779893707-c7d770007fe4?ixlib=rb-4.0.3&ixid=M3wxMjA3fDB8MHxwaG90by1wYWdlfHx8fGVufDB8fHx8fA%3D%3D&auto=format&fit=crop&w=500&q=80",
    "description": "Яркий и искрящийся аромат с апельсином, розой и пачули.",
    "price": 152
  },
  {
    "id": 58,
    "name": "Dior Sauvage Elixir",
    "brand": "Dior",
    "category": "perfume",
    "image": "https://images.unsplash.com/photo-1604186264148-9e761d719580?ixlib=rb-4.0.3&ixid=M3wxMjA3fDB8MHxwaG90by1wYWdlfHx8fGVufDB8fHx8fA%3D%3D&auto=format&fit=crop&w=500&q=80",
    "description": "Концентрированная и мощная версия Sauvage с бергамотом из Калабрии и амброксаном.",
    "price": 168
  },
  {
    "id": 59,
    "name": "Yves Saint Laurent Black Opium Eau De Parfum",
    "brand": "Yves Saint Laurent",
    "category": "perfume",
    "image": "https://images.unsplash.com/photo-1585155770447-2f66e2a397b5?ixlib=rb-4.0.3&ixid=M3wxMjA3fDB8MHxwaG90by1wYWdlfHx8fGVufDB8fHx8fA%3D%3D&auto=format&fit=crop&w=500&q=80",
    "description": "Наркотический кофейный гурманский аромат с розовым перцем, цветами апельсина и белым мхом.",
    "price": 134
  },
  {
    "id": 60,
    "name": "Giorgio Armani Acqua Di Gio Profondo",
    "brand": "Giorgio Armani",
    "category": "perfume",
    "image": "https://images.unsplash.com/photo-1591353842971-9ac335aabfab?ixlib=rb-4.0.3&ixid=M3wxMjA3fDB8MHxwaG90by1wYWdlfHx8fGVufDB8fHx8fA%3D%3D&auto=format&fit=crop&w=500&q=80",
    "description": "Глубокий и интенсивный морской аромат с розмарином, розой и пачули.",
    "price": 126
  },
  {
    "id": 61,
    "name": "Dolce & Gabbana The One Eau De Parfum",
    "brand": "Dolce & Gabbana",
    "category": "perfume",
    "image": "https://images.unsplash.com/photo-1604186264148-9e761d719580?ixlib=rb-4.0.3&ixid=M3wxMjA3fDB8MHxwaG90by1wYWdlfHx8fGVufDB8fHx8fA%3D%3D&auto=format&fit=crop&w=500&q=80",
    "description": "Софистицированный аромат с грейпфрутом, кориандром и янтарем.",
    "price": 118
  },
  {
    "id": 62,
    "name": "Versace Pour Homme Dylan Blue",
    "brand": "Versace",
    "category": "perfume",
    "image": "https://images.unsplash.com/photo-1585155770447-2f66e2a397b5?ixlib=rb-4.0.3&ixid=M3wxMjA3fDB8MHxwaG90by1wYWdlfHx8fGVufDB8fHx8fA%3D%3D&auto=format&fit=crop&w=500&q=80",
    "description": "Свежий и ароматический аромат с бергамотом из Калабрии, папирусом и черным перцем.",
    "price": 102
  },
  {
    "id": 63,
    "name": "Tom Ford Oud Minerale",
    "brand": "Tom Ford",
    "category": "perfume",
    "image": "https://images.unsplash.com/photo-1590779893707-c7d770007fe4?ixlib=rb-4.0.3&ixid=M3wxMjA3fDB8MHxwaG90by1wYWdlfHx8fGVufDB8fHx8fA%3D%3D&auto=format&fit=crop&w=500&q=80",
    "description": "Роскошный аромат уд с кардамоном, розовым перцем и янтарем.",
    "price": 242
  },
  {
    "id": 64,
    "name": "Chanel Bleu De Chanel Eau De Parfum",
    "brand": "Chanel",
    "category": "perfume",
    "image": "https://images.unsplash.com/photo-1604186264148-9e761d719580?ixlib=rb-4.0.3&ixid=M3wxMjA3fDB8MHxwaG90by1wYWdlfHx8fGVufDB8fHx8fA%3D%3D&auto=format&fit=crop&w=500&q=80",
    "description": "Загадочный мужской аромат с цитрусами, ароматическими нотами и сандаловым деревом.",
    "price": 165
  },
  {
    "id": 65,
    "name": "Dior Homme Intense",
    "brand": "Dior",
    "category": "perfume",
    "image": "https://images.unsplash.com/photo-1585155770447-2f66e2a397b5?ixlib=rb-4.0.3&ixid=M3wxMjA3fDB8MHxwaG90by1wYWdlfHx8fGVufDB8fHx8fA%3D%3D&auto=format&fit=crop&w=500&q=80",
    "description": "Изысканный мужской аромат с бергамотом, ирисом и ветивером.",
    "price": 148
  },
  {
    "id": 66,
    "name": "Gucci Guilty Pour Homme",
    "brand": "Gucci",
    "category": "perfume",
    "image": "https://images.unsplash.com/photo-1591353842971-9ac335aabfab?ixlib=rb-4.0.3&ixid=M3wxMjA3fDB8MHxwaG90by1wYWdlfHx8fGVufDB8fHx8fA%3D%3D&auto=format&fit=crop&w=500&q=80",
    "description": "Смелый мужской аромат с лимоном, лавандой и пачули.",
    "price": 109
  },
  {
    "id": 67,
    "name": "Yves Saint Laurent La Nuit Tresor Eau De Parfum",
    "brand": "Yves Saint Laurent",
    "category": "perfume",
    "image": "https://images.unsplash.com/photo-1604186264148-9e761d719580?ixlib=rb-4.0.3&ixid=M3wxMjA3fDB8MHxwaG90by1wYWdlfHx8fGVufDB8fHx8fA%3D%3D&auto=format&fit=crop&w=500&q=80",
    "description": "Драгоценный и загадочный аромат с ежевикой, турецкой розой и белым мхом.",
    "price": 146
  },
  {
    "id": 68,
    "name": "Giorgio Armani Stronger With You Intensely",
    "brand": "Giorgio Armani",
    "category": "perfume",
    "image": "https://images.unsplash.com/photo-1585155770447-2f66e2a397b5?ixlib=rb-4.0.3&ixid=M3wxMjA3fDB8MHxwaG90by1wYWdlfHx8fGVufDB8fHx8fA%3D%3D&auto=format&fit=crop&w=500&q=80",
    "description": "Концентрированный пряный гурманский аромат с розовым перцем, кардамоном и ванилью.",
    "price": 118
  },
  {
    "id": 69,
    "name": "Paco Rabanne 1 Million Eau De Parfum",
    "brand": "Paco Rabanne",
    "category": "perfume",
    "image": "https://images.unsplash.com/photo-1590779893707-c7d770007fe4?ixlib=rb-4.0.3&ixid=M3wxMjA3fDB8MHxwaG90by1wYWdlfHx8fGVufDB8fHx8fA%3D%3D&auto=format&fit=crop&w=500&q=80",
    "description": "Смелый и роскошный аромат с мандарином крови, розой и пачули.",
    "price": 105
  },
  {
    "id": 70,
    "name": "Versace Eros Eau De Parfum",
    "brand": "Versace",
    "category": "perfume",
    "image": "https://images.unsplash.com/photo-1604186264148-9e761d719580?ixlib=rb-4.0.3&ixid=M3wxMjA3fDB8MHxwaG90by1wYWdlfHx8fGVufDB8fHx8fA%3D%3D&auto=format&fit=crop&w=500&q=80",
    "description": "Мощный и магнитный аромат с мятой, яблоком и ванилью.",
    "price": 102
  },
  {
    "id": 71,
    "name": "Dolce & Gabbana Light Blue Eau Intense",
    "brand": "Dolce & Gabbana",
    "category": "perfume",
    "image": "https://images.unsplash.com/photo-1585155770447-2f66e2a397b5?ixlib=rb-4.0.3&ixid=M3wxMjA3fDB8MHxwaG90by1wYWdlfHx8fGVufDB8fHx8fA%3D%3D&auto=format&fit=crop&w=500&q=80",
    "description": "Интенсивная версия Light Blue с лимоном Сицилии, розмарином и мхом.",
    "price": 105
  },
  {
    "id": 72,
    "name": "Chanel Coco Mademoiselle Intense",
    "brand": "Chanel",
    "category": "perfume",
    "image": "https://images.unsplash.com/photo-1591353842971-9ac335aabfab?ixlib=rb-4.0.3&ixid=M3wxMjA3fDB8MHxwaG90by1wYWdlfHx8fGVufDB8fHx8fA%3D%3D&auto=format&fit=crop&w=500&q=80",
    "description": "Интенсивная версия Coco Mademoiselle с апельсином, розой и пачули.",
    "price": 158
  },
  {
    "id": 73,
    "name": "Dior Addict Eau De Parfum",
    "brand": "Dior",
    "category": "perfume",
    "image": "https://images.unsplash.com/photo-1604186264148-9e761d719580?ixlib=rb-4.0.3&ixid=M3wxMjA3fDB8MHxwaG90by1wYWdlfHx8fGVufDB8fHx8fA%3D%3D&auto=format&fit=crop&w=500&q=80",
    "description": "Свежий и наркотический аромат с бергамотом, розой и ванилью.",
    "price": 132
  },
  {
    "id": 74,
    "name": "Yves Saint Laurent Mon Paris Eau De Parfum",
    "brand": "Yves Saint Laurent",
    "category": "perfume",
    "image": "https://images.unsplash.com/photo-1585155770447-2f66e2a397b5?ixlib=rb-4.0.3&ixid=M3wxMjA3fDB8MHxwaG90by1wYWdlfHx8fGVufDB8fHx8fA%3D%3D&auto=format&fit=crop&w=500&q=80",
    "description": "Фруктово-цветочный аромат со клубникой, цветами апельсина и белым мхом.",
    "price": 128
  },
  {
    "id": 75,
    "name": "Giorgio Armani Si Eau De Parfum",
    "brand": "Giorgio Armani",
    "category": "perfume",
    "image": "https://images.unsplash.com/photo-1590779893707-c7d770007fe4?ixlib=rb-4.0.3&ixid=M3wxMjA3fDB8MHxwaG90by1wYWdlfHx8fGVufDB8fHx8fA%3D%3D&auto=format&fit=crop&w=500&q=80",
    "description": "Элегантный шипровый аромат с черной смородиной, розой и ванилью.",
    "price": 142
  },
  {
    "id": 76,
    "name": "Dolce & Gabbana The One Intense",
    "brand": "Dolce & Gabbana",
    "category": "perfume",
    "image": "https://images.unsplash.com/photo-1604186264148-9e761d719580?ixlib=rb-4.0.3&ixid=M3wxMjA3fDB8MHxwaG90by1wYWdlfHx8fGVufDB8fHx8fA%3D%3D&auto=format&fit=crop&w=500&q=80",
    "description": "Интенсивная версия The One с грейпфрутом, кориандром и янтарем.",
    "price": 124
  },
  {
    "id": 77,
    "name": "Chanel Chance Eau Tendre Eau De Parfum",
    "brand": "Chanel",
    "category": "perfume",
    "image": "https://images.unsplash.com/photo-1585155770447-2f66e2a397b5?ixlib=rb-4.0.3&ixid=M3wxMjA3fDB8MHxwaG90by1wYWdlfHx8fGVufDB8fHx8fA%3D%3D&auto=format&fit=crop&w=500&q=80",
    "description": "Мягкий и нежный цветочный аромат с грейпфрутом, айвой и мхом.",
    "price": 154
  },
  {
    "id": 78,
    "name": "Dior Sauvage Parfum",
    "brand": "Dior",
    "category": "perfume",
    "image": "https://images.unsplash.com/photo-1591353842971-9ac335aabfab?ixlib=rb-4.0.3&ixid=M3wxMjA3fDB8MHxwaG90by1wYWdlfHx8fGVufDB8fHx8fA%3D%3D&auto=format&fit=crop&w=500&q=80",
    "description": "Концентрированная и мощная версия Sauvage с бергамотом из Калабрии и амброксаном.",
    "price": 178
  },
  {
    "id": 79,
    "name": "Yves Saint Laurent Black Opium Intense",
    "brand": "Yves Saint Laurent",
    "category": "perfume",
    "image": "https://images.unsplash.com/photo-1604186264148-9e761d719580?ixlib=rb-4.0.3&ixid=M3wxMjA3fDB8MHxwaG90by1wYWdlfHx8fGVufDB8fHx8fA%3D%3D&auto=format&fit=crop&w=500&q=80",
    "description": "Интенсивная версия Black Opium с розовым перцем, цветами апельсина и белым мхом.",
    "price": 142
  },
  {
    "id": 80,
    "name": "Giorgio Armani Acqua Di Gio Eau De Parfum",
    "brand": "Giorgio Armani",
    "category": "perfume",
    "image": "https://images.unsplash.com/photo-1585155770447-2f66e2a397b5?ixlib=rb-4.0.3&ixid=M3wxMjA3fDB8MHxwaG90by1wYWdlfHx8fGVufDB8fHx8fA%3D%3D&auto=format&fit=crop&w=500&q=80",
    "description": "Вечный водный аромат с бергамотом, жасмином и кедром.",
    "price": 118
  },
  {
    "id": 81,
    "name": "Dolce & Gabbana Light Blue Pour Homme Eau De Parfum",
    "brand": "Dolce & Gabbana",
    "category": "perfume",
    "image": "https://images.unsplash.com/photo-1590779893707-c7d770007fe4?ixlib=rb-4.0.3&ixid=M3wxMjA3fDB8MHxwaG90by1wYWdlfHx8fGVufDB8fHx8fA%3D%3D&auto=format&fit=crop&w=500&q=80",
    "description": "Свежий средиземноморский аромат с лимоном Сицилии, можжевельником и кедровым деревом.",
    "price": 96
  },
  {
    "id": 82,
    "name": "Chanel Bleu De Chanel Eau De Toilette",
    "brand": "Chanel",
    "category": "perfume",
    "image": "https://images.unsplash.com/photo-1604186264148-9e761d719580?ixlib=rb-4.0.3&ixid=M3wxMjA3fDB8MHxwaG90by1wYWdlfHx8fGVufDB8fHx8fA%3D%3D&auto=format&fit=crop&w=500&q=80",
    "description": "Загадочный мужской аромат с цитрусами, ароматическими нотами и сандаловым деревом.",
    "price": 152
  },
  {
    "id": 83,
    "name": "Dior Homme Cologne",
    "brand": "Dior",
    "category": "perfume",
    "image": "https://images.unsplash.com/photo-1585155770447-2f66e2a397b5?ixlib=rb-4.0.3&ixid=M3wxMjA3fDB8MHxwaG90by1wYWdlfHx8fGVufDB8fHx8fA%3D%3D&auto=format&fit=crop&w=500&q=80",
    "description": "Классический мужской аромат с бергамотом, ирисом и ветивером.",
    "price": 135
  }
]